type,yearly_capex_cost_per_KW
Biopower,238.904638837437
CSP,258.99525386313184
Coal,195.2797913163305
Geothermal,324.112942393661
Hydropower,162.0668222019773
Natural Gas,72.12940494501014
Nuclear,380.81794849770006
Solar PV,59.67404719885268
Wind,70.397661179339
